-- phpMyAdmin SQL Dump
-- version 5.1.1
-- https://www.phpmyadmin.net/
--
-- Host: 127.0.0.1
-- Generation Time: Oct 04, 2022 at 01:02 AM
-- Server version: 10.4.22-MariaDB
-- PHP Version: 8.1.1

SET SQL_MODE = "NO_AUTO_VALUE_ON_ZERO";
START TRANSACTION;
SET time_zone = "+00:00";


/*!40101 SET @OLD_CHARACTER_SET_CLIENT=@@CHARACTER_SET_CLIENT */;
/*!40101 SET @OLD_CHARACTER_SET_RESULTS=@@CHARACTER_SET_RESULTS */;
/*!40101 SET @OLD_COLLATION_CONNECTION=@@COLLATION_CONNECTION */;
/*!40101 SET NAMES utf8mb4 */;

--
-- Database: `whatsapp_db`
--

-- --------------------------------------------------------

--
-- Table structure for table `file_message`
--

CREATE TABLE `file_message` (
  `message_id` int(250) UNSIGNED NOT NULL,
  `file_name` varchar(100) NOT NULL,
  `sender_id` int(11) UNSIGNED NOT NULL,
  `receiver_id` int(11) UNSIGNED NOT NULL
) ENGINE=InnoDB DEFAULT CHARSET=utf8mb4;

-- --------------------------------------------------------

--
-- Table structure for table `messages`
--

CREATE TABLE `messages` (
  `message_id` int(10) UNSIGNED NOT NULL,
  `description` varchar(500) NOT NULL,
  `sending_time` text DEFAULT NULL,
  `file_message_flage` int(5) NOT NULL,
  `sender_id` int(11) UNSIGNED NOT NULL,
  `reciver_id` int(11) UNSIGNED NOT NULL
) ENGINE=InnoDB DEFAULT CHARSET=utf8mb4;

--
-- Dumping data for table `messages`
--

INSERT INTO `messages` (`message_id`, `description`, `sending_time`, `file_message_flage`, `sender_id`, `reciver_id`) VALUES
(85, 'Hi, good evening', '١١:٥٣ م', 0, 15, 16),
(86, 'Hi,Eyad', '١١:٥٣ م', 0, 16, 15),
(87, 'How are you?', '١٢:٠٢ ص', 0, 16, 15),
(88, 'I am fine and You', '١٢:٠٣ ص', 0, 15, 16),
(89, 'fine Thanks', '١٢:٠٣ ص', 0, 16, 15),
(90, 'Files\\Media\\Video\\16.mp4', '١٢:٠٤ ص', 2, 16, 15),
(91, 'Files\\Media\\Images\\16.jpg', '١٢:٠٥ ص', 1, 16, 15),
(92, 'Files\\Media\\Documents\\15RoundedButton.txt', '١٢:١٩ ص', 3, 15, 16),
(93, 'Files\\Media\\Documents\\15homeworkSQL.docx', '٠١:٠٠ ص', 3, 15, 16),
(94, 'imogy\\i1.png', '٠١:١٦ ص', 4, 16, 15),
(95, 'imogy\\i1.png', '٠١:١٦ ص', 4, 16, 15),
(96, 'imogy\\i1.png', '٠١:١٦ ص', 4, 15, 16),
(97, 'imogy\\i1.png', '٠١:١٦ ص', 4, 15, 16),
(98, 'imogy\\i1.png', '٠١:١٧ ص', 4, 16, 15),
(99, 'imogy\\i1.png', '٠١:١٧ ص', 4, 16, 15),
(100, 'imogy\\i1.png', '٠١:١٧ ص', 4, 16, 15),
(101, 'imogy\\i1.png', '٠١:١٧ ص', 4, 16, 15),
(102, 'imogy\\i1.png', '٠١:١٧ ص', 4, 16, 15),
(103, 'imogy\\i1.png', '٠١:١٧ ص', 4, 16, 15),
(104, 'helllllo', '٠١:١٧ ص', 0, 16, 15),
(105, 'imogy\\i1.png', '٠١:٢٨ ص', 4, 16, 15),
(106, 'imogy\\i1.png', '٠١:٣٦ ص', 4, 16, 15),
(107, 'imogy\\i1.png', '٠١:٣٦ ص', 4, 16, 15),
(108, 'imogy\\i1.png', '٠١:٣٦ ص', 4, 16, 15),
(109, 'imogy\\i1.png', '٠١:٣٦ ص', 4, 15, 16),
(110, 'imogy\\i1.png', '٠١:٣٦ ص', 4, 15, 16),
(111, 'imogy\\i1.png', '٠١:٣٦ ص', 4, 15, 16),
(112, 'imogy\\i1.png', '٠١:٣٦ ص', 4, 15, 16),
(113, 'imogy\\i1.png', '٠١:٣٦ ص', 4, 15, 16),
(114, 'imogy\\i1.png', '٠١:٤٤ ص', 4, 16, 15),
(115, 'imogy\\i1.png', '٠١:٤٥ ص', 4, 16, 15),
(116, 'imogy\\i1.png', '٠١:٤٥ ص', 4, 16, 15),
(117, 'imogy\\i1.png', '٠١:٥٥ ص', 4, 16, 15),
(118, 'imogy\\i1.png', '٠١:٥٥ ص', 4, 16, 15);

-- --------------------------------------------------------

--
-- Table structure for table `person`
--

CREATE TABLE `person` (
  `person_id` int(10) UNSIGNED NOT NULL,
  `name` varchar(100) NOT NULL,
  `phone_number` int(9) NOT NULL,
  `username` text NOT NULL,
  `password` varchar(100) NOT NULL,
  `Image` blob DEFAULT NULL,
  `connect_state` varchar(30) DEFAULT NULL
) ENGINE=InnoDB DEFAULT CHARSET=utf8mb4;

--
-- Dumping data for table `person`
--

INSERT INTO `person` (`person_id`, `name`, `phone_number`, `username`, `password`, `Image`, `connect_state`) VALUES
(15, 'Eyad Aljlal', 772292869, 'eyad123', 'eyad123', 0xffd8ffe000104a46494600010200000100010000ffdb004300080606070605080707070909080a0c140d0c0b0b0c1912130f141d1a1f1e1d1a1c1c20242e2720222c231c1c2837292c30313434341f27393d38323c2e333432ffdb0043010909090c0b0c180d0d1832211c213232323232323232323232323232323232323232323232323232323232323232323232323232323232323232323232323232ffc00011080088008803012200021101031101ffc4001f0000010501010101010100000000000000000102030405060708090a0bffc400b5100002010303020403050504040000017d01020300041105122131410613516107227114328191a1082342b1c11552d1f02433627282090a161718191a25262728292a3435363738393a434445464748494a535455565758595a636465666768696a737475767778797a838485868788898a92939495969798999aa2a3a4a5a6a7a8a9aab2b3b4b5b6b7b8b9bac2c3c4c5c6c7c8c9cad2d3d4d5d6d7d8d9dae1e2e3e4e5e6e7e8e9eaf1f2f3f4f5f6f7f8f9faffc4001f0100030101010101010101010000000000000102030405060708090a0bffc400b51100020102040403040705040400010277000102031104052131061241510761711322328108144291a1b1c109233352f0156272d10a162434e125f11718191a262728292a35363738393a434445464748494a535455565758595a636465666768696a737475767778797a82838485868788898a92939495969798999aa2a3a4a5a6a7a8a9aab2b3b4b5b6b7b8b9bac2c3c4c5c6c7c8c9cad2d3d4d5d6d7d8d9dae2e3e4e5e6e7e8e9eaf2f3f4f5f6f7f8f9faffda000c03010002110311003f008ed6dcde93fda513b32ae136b9c7e9fe3559f4b824b991768853cc0ab1a927af7cf6e9597fdaa576c6996006011ce78ab306a41258c380d275e79ae6555f5461cfe43350d28c08576cd18476fbd83b46e23fa76a64165203104532971c052073f8715a7335cdde23de5917f7a14f2327919fccf7a6d9d9dd5acc25fb3c87cbc3611b00fbf7fafb7a56aaa21bb1a1a5e9773ba78e58bee8da846403eff967d7d2bb1b1d8e8969200360dc5645f2d33e80f7ff00eb9accd2da54859e591995b9c1ea33ebef57edefad5a7f26598239e993f955a9266f18c52b943c456cda5cf1de59a32e7e578e36dcb260f24e3918c8e6b91d43c46b7413600a857e71bb21fa7b7e55e8905adbde0919d49552a0797c1ce7db9f4af2ef13da69b6faf5c47a7c6e630f865dc0a86cf38f6e3f4a7633aa9c568c9397804a8cbb893d09e4fa64ff009e2a94725d48e16297fddcbe31dbd463b7e55079bbe5db1060aa036c7e718a7c6b1dc485725149cb9da770f604fd29c6e8e72d88e696f4192e774c5f7a9932496f43fe35345764dc3a4aa16404f555c7e03b55068163df341211b1ba391923b1a7ddc09716f14b0aed39f980c1e7ebd6aaf7dc4745a56b0b6b2c6d0ef1e59dce6276fde8ce79e7f0af70d2b56b5d5ed127b79172cb968f70dc9ec45780e95a65aca8f1dcde081b809b413bb2391edd6bd53c213695a169e6dccc82e18e58820971ebec293b1b53b9dcd07a1cf4a6c6eb2c6ae841561904523302eb1f73c9fa549b0890a028c412ca3e52c4923f3a2a4a2803e7c5b08a248ad26801457de4eee776304e7b76fd2a5b9f0de9b7512470cc6296dd5807400f99939e7df9c7e1ed52b163704c6c648bcbff0058a3007a823d29892476f08649d583119ce41db8e9e84d790a6dcb4673e9b91f933c09fbb567db8539183c003a7e75a1a54370f05cdcb8742883676c9c9ffebd345cabfccaa039e7713c9e73cd5d4d45005570114b7181d0639fe7552a97d4a934c60be913646b956da4b374e47b7e3514a8d74fbf25867a2f506a49adcc165e7875de65259430f914fb77fad66da6ab0c73b79920519e543726b484e72778873499d269d2491ea913bcf1c76ae0ef8d9829638c023fcf6ae6fc67a3416d1dab69ccb1aaaecc160000075e9927dfdab5e2bbd2af67494dc05ba4c81196c0231db2299aadb5ac9298c22e42f120ed9c7008feb5d8a6d47546928de3a9e66d6b2c53932c806339da09193d7a8ad1b5bc8511a3953746d80c832a31f5ade9341ba8da59eda292e03f2c233b88c0fee8e7a5505b1b894329b4243630186d39fa1ab734d6a60e3620536f26f824557815413f273cfd3f9d3f4ed125581667bdca83c205e3a83d7a608ff3dab4f4ed2515c47750ce8ccd827660367b035a96ba4b582b086d0b46c40c31e7f539ff00f55473e8d260a2d999736a50eec2b22e5848004caf707b75c7eb53595dbdbcf1bc32452eeedb4a9c1e00048f63deafb69b1b3b493453445b931670bf91eb4453c018b24dba48d861b18c77edef52a416674b6c6fac945c5a5c63726e74cee0a0fae78abb0f8a6ee19c3dcaf9aa3fb9f283e99383f97bd7250dc4c8ced7171e71386cedc62b52de58ed67dd200cb2a01f29c6dfe954a4efa9a295d9df69fe23b0bf7588398a6619d920c7ebd28ae3e116b72fb2388a4818b478604e403c1c74cf1d3d7bd15b58d4f2f82fd2d6658a27631b7ca4e31f87f9eb57b58b502c2192391239a26dd36ec9382718c01c91827a74359769a898566b19a348edc80cbbc679dd93b4919ea471d699a9ea52dcd80891e58b69f94b630e4f03f31ef5e5d9f32b1cdd0dcb56826ba16e1f6db88ff7800ced3f5fc8fe15a50580716d0ee779249f2ec1c6d2a00076e7af39fd2b8e875531b88669a256036390a49008fd7fa56c586af1dc245ba3c08943e73800600e07e209fa8a89c26b51126b315fea1763ec7019638d500190074c13db9e0d517f0ceb48c24164cc0919224cf3f8735d3dbdc0b4d3dae6d6d9ae63676ddb1bae0e0fad741a7eb16efa5b5dc9697512c7c3a95c906bb29d59420923d7a38784a0ae79cdc693a869375b65b5923cae559492a7f3ae9bc25a9adf5fc7a66a56de70911f63f21d580ce49e32303a735d4d86b761abee8a12c48ea92a807ffadf8d66c9a3b45aa497110892497747bd872b9feefbf519ad255bdd7ce89ab45463cd1d4b4a5a2988b72638c376cf3819e7f022aaddd85bcd29b960fbf76778e84d0d6890488f09670c0972c40c91c16f6aa171a888079b2b0500739e9c573d3f7cf3b99b27ba78eca3f3669f68f5de40c74ac9b8f16da441563024ea739e09cd735a9ddddeab70c8b0c937a2a838c5634d6d3c0c52581d063001c82a7f0aed8518add9a7b36b5b1dfda78ae369237664dd82739cff009ea6b520d574fd499f2b196cfcc48036fe5f4af2911c8870f9563ce5bd2a56ba08a1549e990e9c3568e8c7a06b63d26f27b787cb855a5584bef18c6d27f2c9a5553245848b744cd9dcc72411eddfad733a06a715f18adaea5db0b10332b118e7e9ea2bd00f86d9ac45cd9dc0316d2cbe5b6f527d8835cf384a24fb36f539b9b4cd6d1cb59bee808fbab20ce7dc71455cbc5bf8228e42f2c2adc0e3af7eb452e76164bb9e6d1c8cce7204c319db13038e0638ed535e5b196c23943a4732721163c13e83391c7d41fad2d9def917d696b2c71aa4830d28c820638248c77c74e9542eaeee24bf9a08ede73022149212ff0032300470476279e7afe559f23bdccb974b93446598c11307478c96672c771c67db8e3dcfe35d034b716f6ee96b69246a093bcbfcc4918c8233e95c85bcb73678865704825c0ebb738e338ab6b7d2961991957bb77add615495db294743d2741d523b6d31167611053b30c09e79ec074e0d6f59f89b48993c9572ac4ffcb542abf99c0ac2b1d21749f04c1ab5d211717f322c3bf9d919c904ff00bdfa0c5550f2f98e0e91196e81cdce53ebd33fa5652a6a0ec8f670d37ecd27d0ed52f2d208d5e348551813b930578ee08ac8b9d4a4ba911c61177e36e32c7b027dbad49a75a41a5e832eafa8aa791021f2d42ed59243d1547b935c6417af001e44ade63fdd53c8cf7ebfd6a1d194e37473e32ac9fbb1f99d52de5bba1b76477cae186def8cd4074e8351bbb589a2061cef93af20718ffeb573aba8ce8ce1a361b4642e31d7249fd7e95b3a2b5dc9653ddc45c39755dcb818f7fe55318f2b38f0eb9aaa476305ac10b6e8ed23518c0214702993e996578e5a78109fa560693e21d4deff00ec9750bcabb8aac863da73ef8e08f715b7a9eb90e8e57ed3149cf6500ff5a1b773dd8a4d19ebe04d25a42c7cc65c6151f0428ff3eb5cd789bc08b69135dda39207500608aed6c3c4b63a86df2e39d0b1c0dcbd7f5abd7f0a5d59491bfdc65ebd315aaa928f5319538496c78346cf0be372965040c8c1181dfd6bd1bc33ae4b67a1c7124614f2c08183cff7b9e7f2ae52cf4e5b9bc966c8f24310a646c0639adfe61240700750b8e2b6a957a1e44e5caec883c41a85dde7cd712c9282309b7a03fae3ff00af452ccb0ceb86382467b8fce8ae7e63271bead9c15a85324a9b307783b8f3b73c1e3e952342f65343e6ccc19b92c9d49cf41ebc7f3adcfb3968da316d1a1008e41c13dbeb9acebf86ea2b117b3470aba26c023dbc2f4e3a7a9e9da9465ccec4dae605c333caf71801249180c76c7ffaea5884933c7146a59dc85503b93d05321123d9c73c2c54249265c1c6dc0079fceba8f86d6b15c78aa3beba1fe8ba7a1b9909e8081f2febcfe15e8ad11d0a29d92dcf42d5f4a8bc2ba369da6c89bedee2d879e18e4a4c9cf98bff007d608e840ad0f0b5bd9dedc09bfb22faead4749e508a80fb2eecb0fcfe95c64bae5cf8abc4caf7441577091447a2a67815e8bf10bc4e3c2fe1731da954bdbbfdcc1b782a31f337e03f522b2718cb53dec752584c3d3835efb5aebfd7a7c8f3df897e2b1aceb634eb47ff0040b03b405e03c9d09fc3a0fc7d6b95b6bac104b64e781e958e67e472327a54a250a473d2b55a1e123b2b2d48606f238efe95d67862ead2db4d9620000d21663b71b89039c0af28b4bb3733e11be4078ff6abbfd2918d9018215b0723208ae7c44572dfa9bd094635136773a7436af70b2aa221cf4c723eb4ed52d2deea7092121f3b9187a8ef5cd5bb482503ed11f999e8e59091f519cd6ba4b32bc6925ba087fe7a2be707f4fe55c8f447adcbaf313da787b4eb7563e50059b7920e09356ee50496cf0ae48652bd335089d188f9c607bd731e2df131d2ee2cacedda533dc077222ebb4600efdce7f2a71529bd0c6a49538b6c5bc10090b4b1a2c71708a188119030ca00e00383cfd6b12fafadee6ed605ca851905536a0eb8efcf41525d5d47088a421f6caa03124953c7738e08fcff002acd47b3599fc9594f9872f1f185e38c0a2317d773c5ad55ce4e4c966bb82286562519b9072a7208f6f4ff001a2a1d460c282b385e0950c9c1f7cd15763152310cf3dcc4e55e61838663dfdbe9ed585ad5fba318c4e640b9e49f5adcd4e34b5b679d9dde220ed121da437e1d4570d733493c9e5a00d239c003924fb55e1e167cccb4ac4f6933bdbc89bbe50f9c03f4ff000fd2bb2d1ee64d2fc33322101b51237f182114f1f9d7272d98d3638a0662666e64c8c6189c62bbed71a3b3d0ec34e44191f386ee131c7f33f9574c9fbb73d3caa2a78b85d5ff00e01a1f0f6dd27f117da67ff536d19766c700f4e7f0cd739e39f151f1178826bcc9fb1c5fbab65e9f20ef8f53d7ff00d553cfa8268fe09914002e75294a86c72224fbdf9938fc4d704f70657dc41007414535689ae715fdae2a56d969fd7ccb3e6966de4e0f6f6a4b9b8ca88b77ccfd7d85409203ed55e37f36e1e4ee4f1f4aa3cb3aad27e44538cfe15d06a7e209b48b62b15cb093679613fbbdbf0adef09783ac5b48d3750bb79659ae17ccf2b808aa0f7ee7a01d7bd79cf88626b2bf91ae0999cc8c881390707ad0e29ee3946e933d2b43f164d368f0dddc5ba4e3251be5c12477a9ef7c6acd16db7b244f5691f005798c5a8ea56920d1e08a5f33cc6dd0c4a5e42c719391d7f0aec74ef87524f24137887517b5499828811819189ed93c03f9d72bc3dddefa1deb16d4546d764ede2d9557114a971724e04717dd5f735512726f9eeefe60f78c83716ecb9e00f6f6aeae7f0c785bc391470c51cd71772026388cdb4e3bb337f081dcd5ff000d58f87b48bd92f350d5b44b8ba902b45895498bfdd2cc7dbb76eb5d54a9c69ec73d5a93aaf5d88fc3fe13bbd7a291af20682c658f0af2655c9f555f4f73ed8ae6b51d32eb48d5e4b072b3adbc9f2975c123f8587e15ecf06ada7dc0023bc81c1e9b24073fad60789bc2b61a9cff00da033e6b00926d63823181f4aceb42faa473ce95f43ca0dca4b2bb3432828c48009c13ebc515dbc3e17b6b79832aef03f85b914561cac9f62fb9e61e2bd0f55921b79a1b79e5855496287201cf1c7ad72d1e917b6772971750988e3281ba938ec3f1ef5efd3279d6b25ba0421c1539ce003df8af35f1819349b596da48b21572ac79041e98279f6aedc2c7de49b5642af68c3add9c07dbd0ebb6e6e33e52ba8724e71db3f8575babddb5c5eedde1d2141121539040ff0026b851a75c9582e668da382794a2c8dc024609ff00d0856fdcde7f67c6b30037291b14aee048f519e958d69393f53dbc9a31a519d77b45584f11cec7515b42d94b48d61001e33d5bff001e26b30631d334cb9ba7bdb996e64da1e67323051819273c5351985688f2252729393ea2dc6e4849000a769568d7d7105ac60f9d2c81131dc938a86ee4fdce33d6ba9f8716e8fe28b79e45cadba34d8f520607ea451d44b73dbe25874ad3a3b443b8c302c618f00228033f9e4d793ffc23da9f8aaf6e7544db63a72ca6417970308141e081fc4718e9c76e2bd0aeb51822f3daea333993f730dbaf59880377fc073d4f4ac9bcb8bdbd9144f287b8e047127fa9b61db03f8987a9fd2a99ab5733b47b4b2f0c33dcd8492acf3aec92fef46e96419c911c43a6481f7b26acea57d358b218416d46452566bb70cf1af763fc31a8ff0022aeac6ba7ec4822fb46a3281e50939da33ccb21f41faf6ae2fc537ab1eab3585add49288c9179739c19e4c60af1d140c8c0e3922a1bec6d4e9dc7ea1abab99eda39bed72c89b2f3527396907748ff00ba9db8ebf4eb9a91c0473181c70a074154bce55291e405ea7f0ff22905c9639e429e83b9fad23be0a305646f591f90b6e551dc2704fe35d3f87759b9b099445727ecbbbf7b067218773cf7f7ae1a2951400c327d3b0ab71dc9520a0c01fdded545c9c64acd1eeb1cb1cd124b1b892371956068af3ff07f8a12de6fb05e315864398e4ecadefe80d1593563caa94dc2563aa56c32b6719e29f3476f79108ae218e64dc1b6c8a08c8390707dc5661bac8c727157a097033fd28b1071df1674d7baf0cdb5dc6b95b49be60a3eeab0c67f303f3af1666de3e73920f527ad7d3d7220beb496d6e6312452a14743dc11835f346aba7cda5ea53d95c21596172a41fd0fd08e69c5912d0895b14ef340eb4b6167717cf247026f648da423fd95193fa0ae9f40f035d6a0e93ea2b25b5b67211861dff0ec2a9c9456a2842537689ccdad85deaf73e55a44cfb7966e8abf53dabbcf0a5a2687a85c3493094ac0a18273f33370a3d49d956b5ef2b46b7823b58152dd323cb8fe5c9f53fe3543c1cf26a3acdd5eb2848e2c08c28c8de46075eb81bbf3a984dca4744e9469af33b68a292594abb0fb5bae646cfcb02765ff003d4e4d58996df48b2f3157cd7276c683ac8e7b7f9e83353db42b6db10afcec77b127249f7ae7bc51ac9d0a56d4ee9e392e7698f4eb46e9938dd2103f11dba63bd6d27644c55d8dd7f5f6f0ce9a5525126bba9c7ba593b44bd88f403a28fc7ebe6a652108c93ee4d32e2f2e6fee5eeef2532dc49cb31fd00f415048dc5627545d95c9c4fba6009eb56039278ac872de647b7a938ad2594469b3048ee7d68438caeddcb91bb8393c7d6a75bb8e275124a1777407bfe3590d024c7ee4b9c67209a54b095d0aaca76ff7255dc2aae573cba23a082f516e3607183db3c8a2b9d7b3ba8ca93106dbf7586580fea28a7cc1ed1f547b6f987df1f5abd64cd71e542a79276f5a28a8380eae4d36defe08e10e6278c61187f235f3efc45f0ceb7a7f8aee5a6d3e778ae1c79334685924e07008efc74eb4515aa8a66527a1d47847c370786ec0dd5e2b7f68489f33ba909183fc39e9f8d74d369f7ff61b7be3001f69cb4603e49503838c700f1de8a28c561e30b35d8db03899544e2d2567621baf0659ea3e13b9d63549a61e5c4d2ac68428cae786c8e9f4c572bf0ff6c5a40738dd248f2b903be703f90a28a54e292560a926e6ee74bab6bd6ba2698fa85d80c3388a2ce0c8de9fe35e27a8eab75ae6ad2dfdebee91cf03b28ec00ec28a2a66f52e3d0686e2918e68a2a0dc8d5b120356e36e46ee68a284281661986f65270190afd3353c129180c578e0e28a2a93368b2d8238c1e28a28a6687fffd9, 'Online'),
(16, 'Hethim Alasaia', 772283475, 'hethim', 'hethim', 0xffd8ffe000104a46494600010200000100010000ffdb004300080606070605080707070909080a0c140d0c0b0b0c1912130f141d1a1f1e1d1a1c1c20242e2720222c231c1c2837292c30313434341f27393d38323c2e333432ffdb0043010909090c0b0c180d0d1832211c213232323232323232323232323232323232323232323232323232323232323232323232323232323232323232323232323232ffc00011080088008803012200021101031101ffc4001f0000010501010101010100000000000000000102030405060708090a0bffc400b5100002010303020403050504040000017d01020300041105122131410613516107227114328191a1082342b1c11552d1f02433627282090a161718191a25262728292a3435363738393a434445464748494a535455565758595a636465666768696a737475767778797a838485868788898a92939495969798999aa2a3a4a5a6a7a8a9aab2b3b4b5b6b7b8b9bac2c3c4c5c6c7c8c9cad2d3d4d5d6d7d8d9dae1e2e3e4e5e6e7e8e9eaf1f2f3f4f5f6f7f8f9faffc4001f0100030101010101010101010000000000000102030405060708090a0bffc400b51100020102040403040705040400010277000102031104052131061241510761711322328108144291a1b1c109233352f0156272d10a162434e125f11718191a262728292a35363738393a434445464748494a535455565758595a636465666768696a737475767778797a82838485868788898a92939495969798999aa2a3a4a5a6a7a8a9aab2b3b4b5b6b7b8b9bac2c3c4c5c6c7c8c9cad2d3d4d5d6d7d8d9dae2e3e4e5e6e7e8e9eaf2f3f4f5f6f7f8f9faffda000c03010002110311003f00e2df75bb7d9f2630157acb839ff80f5e98aa77f7b664f92d3b2be78232d9f6aa26f1e758f7dbb8603064381c73dc7ff5ea837da158091c11d7e639c52504539b6ac69afd8ca234b312320f2bff00d7144525b43788a91baa336d3b07073ea0f358bbe67208cfa739e38a9a288cb859081818233dfda9b8a251a77974b753da9248da4313d3a301fd45660d5ef2447b76270082c39e48f5ad930ab61c01feb81258671901f1fa536d2de4babb023889627393c2ed3cf4c771c7e34b448bbb2482f6e9917ed50147c7466eb572ccc16814a892495cf39f9c124f4c633fe456826852dc9c4766ff00260120703b7b568d9784c087cb685d86086fde1f5e413cfb8c0acd3ba348cbab335d1a4533473400a924f96779ddd9739c0e9d3bd58875092e1998d94b20c0046dda2427d7d3b75c56d4361f64b286d21581146e6d87202e0f2727a9fa73496f6e92645d4f38218a88e2c61bf1c74aa7a829db546cc885ed4b1c02abb810338e98fad7391c6c2e70482307271ee6bb68e143029c1191c03dab949142ddc80924e5faf5ea69233673d6d75a8cac6d16f669d252c85583c71aa8cf50a47a11c8a641a10bb8a3c433450f468a5c08c1e3d304f4f7eb5ddd8a4b6d26f96188a6cc707258f1cf4ce78a65cd9bea46d6e25d96eb17214658b1f43edc53b15cc72971a0cdf6758d16da08201bc96190c724e300822ac4a9776b7c5ee501b4301547890b173b7b8fe1c574eb68acac557386fbd8e4d52d46db6c573fbc23e4c073d578eb9fd6a798452b090dd59ade5bc3711c3b49dcf22a1c74ce39e3be78a2ac5ad9c73e971a5ecf2dc4c32242f36dfc3e5c7b7a515623cdb4db437b74b6e2431bcee17f7419ce09e4f5271d49ae897c0513c8717efbb242a1b7c16c0edce78fa1adbd2e2b5f252f210b0ca1881b949278f7c71f956c2c8a857f7adb8ab30da0739f51c9ee6aae2b1ccc3e07d3a068e4cddcaaec14b484201f8633edd6af2784f4a5ba658ec6375385c4921386c9cf427db8adb95239218d99a725596465da71d73c9c71d8d0a96dbae525b766577f911f2fbb804e09e9ce78e290ca37ba62585b5ba5b410c4438398e255192b9e98f634b1cd717b118e7b85445754c61572a4f27231d3d79ad4bd8cbe8d6f33a85903ae47a75e2b3628e390bc223deee0051e66ce48a901d15b5ada4c3cbba9591d8ef459b73393ec3d3038a963bb82da364fb34ae198b2aba13f2e01279ce39fa5367b47d31a28cd8c08f76e7e60f938c6793dfa53a2fb52491857b7458db790a4b6e18208c6063a8a2e3b0c92de39a38d459b3cea15dd822640ce4f20f1d0f19a608e78a482e56d731005983380547638f5fcb03eb5796e899e60f3c6ac48dcbf772bd854530897796ba94ab9385de3681f5007afaf6a2e2b1b6987b68cfddcaf4073b4fa715ca5cab0bb7de77302c18fa9cd7510968ece355ebe5a8e73c57317200ba94824fccdf53cd084cb572b3db00c97d31dc71b3087b13fddaa57b751436d18ba7500104b23e646f9b91f53cf4ab8d1c8ade6bd93b93b5531282109c82dc9f7e71fe3526cb9b3d3d5880bb724ef930324e7af3ebde9b19af1c4b144554614be38e9f8567eb676e997e44619bcb3b78cee38e056cc9f2c2bd3264c1fcaa86a31a4d6ec015392bc31e0f23ad4018599a4883457168267ea4c6c5463a0181c628a353d33cf11a49247f6752375ba401564cfab750075e83a514eed0f432342d585c5adec519f2da12ae23719215bbe7f0fc2ba2d3af37dac91a4e19273b4bece5704f439f51e95e73e1998b6b577e6a460dd5b30c15c825704607e06bb7d3a679ed6220a9657db861b7ae39c9cf6ab6ac24ee5b95c5af9e9e7b796a9b897e580f6e6a5924fb45c3e64748a31bc300173f993fd2a47b53672ed95e0251b7e5771c658f1521bd76f3188575e982d8c81dba54a2992224bff0008e4fe736e2af956030082411fceb190e2e437cd918202f7e7bfa0ae9279dae347ba5696370911da54f21472335ccdb4a12ee32d20504105987d6844f516f2eda49a196ec49229208539c0f4c0f7cf5356e2874f480413c6e662846f9017393ee7a723e959b7b1c32bc256e772aa050c304f0477aba765d4ece671b17e543c02dc64e4e3919a6341ab6997b369b1dadb32da406e7f7de43aa13112723a601e47f5ac8d2f4e934bd7d12cae2efecdb732c3712a3e5ba8e878f7e95d15c5d59249359b4e64948cb0242a8fc0633f8d645ae913e9f04f7926f92d98eef301298ec391d6b07535dcea541f26ab53ad8ee51e00f222aca739c8c13c7e38ae66660f2c8633f29dc41ce7bd741a7aa5e6990cb17c88e372e70720d61cd1edb991076dc0e7d78f5ad51cb256341f63c4518a911b15036e3710dd793ed55a6825bfb675707ca0f86450012303be4fe98a65ca406ca3113dc210c8004f3083f30cf4cfbd4d7125b5bcf74b66ac50852d2344c09ed8ce39c63afbd1619be58b223608f9cf06b2b599a38ec9da4f9543a64838e378ad18a591e350d0b210c7bd666bb702de04219c485d48d8b93c104fe94845299ac6eb122422520ee4525a43f8283c514e1773a38992de5947961402aa983df9241f4e80e68abb858a5757be1d5690c5e1cb98a5b62cb6b2416a23de36f2cc4f27a90339aada534ca77cb0e118ef52c9827db04707db15e9cdf0ef499108944c73fede3f95247f0e3458771481f257692d2331c7e278aa5193dc73a94bec9c348c9315758c23066ddb80e7a8c9f539a72c85e3699563538c12ddc707a815de378074f91b718ce71c74e3f4a57f055ae086c9f40caa40fcc51ecd99fb44727a7c4f2c37b1b6312a10704e73822b9db49cdbdfc3205ddb49c8240cf1ef5d54f169da3de490db4d3dddc1054c712ae17d8b6062b967d3ae60915cc60229e50c996c7d718a8b1af2bdd92ead24a52272f1c7b9b1b46582938e377ff5bbd5a82d8f951c4d74b26f50a085e871c6067fce3a5666a12452d96e451c3056560370e0fbd496692ac1126d8c066c06dc0f1df3e9ce78145b416cccebed3cb788656dcde6471025cae0024ff9e6ba1b99e693c2874e927224684e224527e5fbc338e99c8e7ebc1acdd47cc8b52e11d8bc11e1a3527904aff51f9d507d6e440d1cc864b9450a8fb30c9180d8ea01fe33cf35cca37dcf425256d1ea74de1db93ff08c5bed54511aedda5beb549c8333b0500331240f5e2acdac622b1f32341b6552c63618d8c7ae067a679c7afd6aa820b8c01839fe95bc3b1c1516b75d46cfada7dbc5bcd66d21440ed2420bec5cfa63a9e3f33e9492ea36cf322c2e5d5c8c8f21948c9c0e0ff9e39aeb2f6d247d316192cfcfb22149f2ced91491d471cff3ae767d3b428eda694b5dab161e4b48c37330208040c1e718c73c139f6d9c4e472a97d0dd113794acef701c927667a5646aab22c4ad0891e4cf599f0b8e7d3273f81abd2dc23b8f9a75ea78978fe7583aa4f1b5c42b2fda0a7983e5049cf07d39acd23a2e69c5f69b9b58e597c88cc880edddb80cfa12a3b1f4a2a246b392df1125c6530d82922f20f4e40fa7f3e28a2f719ecde7c6e7efd4b1b823820fe35c947aca3a70c003e956a0d563ece3f3ae8e539ae751d7ef107d302b89f1aebe62906956ae51dc666907f0afb1fd3f3f4ad59b5a115bcb28906e446619fa57935d5f49797d773b49b8bc85739c9c2f1fcf27f1acdad523783b41d4edf99a514a9e562201707a0ef51cfba488e79acd1705571d335656fa3d87cc703b66b430bb6ee64150972cfd761e4fb77ff1fc2b4fecf6e20d8376f5c670b8c7bd6631f36199e3c6c2092d5ad1cfa6c1a7b4fa86a0565e47979c608f722b0a928c55d9d308ca6f97a99b75792c5aada1b88a24b38138c677c8d9e0803818e0f3589abdd35ef8d57cb99913cb56daa78273c67fcf6aea2c26b49ed5ef652d24641504a6e3dfb60fb7e66b97bf859b5c8a6b74119923504f75fbddb1c718aa8a49684ce4dcaeceb4b13a5412336e70a493d70d906a0832a91efe0e4f7fa54f7723c1a7c71dc2b87c91c8c76acd8a611ec19e9fad4751dddac7431ea9aa4c91c0934b1a2af239c91daac49a75e35bfefaf8c28c837c71aaa96e3b9238fa8fd2b9e37376a57642f10c643053f37af3d3f5a8ad2683cd692fe758c6303cc3f7dbd7dfd2b46ddb521257d0db12adc308ecedf7a2920c9bb0bf813d7f0aa17164a9309a708304636be3078e315336aad2279766c8aaa31d7247e15caea57fe74f2452c8a0a03dc739eb923f956699a38d8eaf7c1145b50380adf783fcb93ea7afaf4a2b0b43694d96e910f905b2ac5382becdc77a29f28ae6fc7a992701811fcea75d4f6f5af38bbbabeb06692ef4995111b0e6d67dc83bf3c7f5aa1ff093deda5fb5bc8dbe2dd81b8e4afe9551a9725d24ba9eaf36a88d038c9e548ae42cae008e501896133e47a73546dfc4893003cc8cb74c671fd698b751dbde1924ff008f798fcc539dadeb4397bc99a463fbb70bea69bdf20c80d9dbc3107a556b9ba32d9968cf0df22f1dcf156d5acbcbdd0a07ddc96f5acdbfbb8d268fcd7015016c0f5e83fad36d9924ae48923c0d1a175487a619b191f5ed578ea56cd209248564c9ddd77027a75ea6b234ed42569dc909e4b0c80cbb88e7b8e3deb5bed92da02b3d9412647253238edd8e3afeb40cbffda903dbba5b2796c480fb9dc1038ce32b9fc49aa3a97d964ba824b05c3ee2cc46303be0e49e3deb42cf491396b87b458da4015629a765fc7d40ad368f45d3e2fb3dfe9d05cde636848db73b37e38c0c7d3e94b9876237886a110f280742dcc8580e718cf518ace9611048b1db00f9eb391c0ff74e39efff00eba8ee629e7b905247b3b6552ad6e0b30da3ea7f415752291adc9df11893e568cb8507d3001349206fb15ed92f2dad5e64b994c44610b73cfb77fd38ad58351bc965093c893103e5f3600771f70318ff00ebd47110d065b9ea0e63c103b7ae38c50d1199c1f35262a39876f607af039cd3b215c8aea786452b75a4e9ad221da83cac73ed91ef4901d354a9974140ca319460bede9525bc37b0248f6ca637de5c928ac369edf30fe5559e69d2225b50686455dc195154b0efc63ea38f5fc6871ec1cddcd2ff00896dd0502d2e06c3b87cfbb14550328966430e17904a31c0c771cfaf7ebd28a2de61730757b2b9d4b6c972cd0dab367c985444addb240258f04fe75969a45b3ea37eb3ab8284008339e8063d7d7ad76497486595c3992284f07240efc6483b4ff4ec38c2456b13cf712c31c6caf205d90f2eb91925bb00086f4fe82142db17cd738eb8f07099996d5122e48556249fc85353c1177080a2ea5cf43e58214fa7f9c57a1adbcef205585fcb663b0b83f363a919c63d33c555b89da3fb938646628197bf39e304e4f6aad7624f3e93c3bad5ae562badcb9e4af5fc855db3f0ec8f26fb887631194676cae7dcd77b676724e571334cabbbe6085393c8faff009e0f7dd8b4bb7b701a576185c12fc9f7e3bfe3e94f60bb6721a77867ed13c6cf6ea154fce50e327b03ebdffcf15d2c3a2db590926b8416f6cabf33dcb9539ce78f41cfafe144de28b7b52d158c6d7121042c9b30808eccdf5ec05735ab4f75a9c024b8549e5202ee3c2a9cf200e7007eb4b56058d52fa2bc709a645f21c7fa4cafc91e8ab8fa76aa51b43b985bc819e23f33ed18ce7b1c649e3af5a5df7b6a9b500ca64990818c600e31d339e94c4b262bb1a270aabfc47fcfe954912cb25e6330b80210724aa60ed61df248eb56ed217bc856e26314633b76a831939ed93d7b1ce07f3aaf1411433af9b230503ef469bbd0fbf1cf5f634c16f35cdfc8f6fe64101fbd3cd9540338e38c124f1c023f950c6add4bcb107de904a970d19c6f5520fd33d0fe1c7d3a51f2b900852bb71c29e7d39e79cf3fe155a217105a3f9c66674dc1026762a0fbbd00e9c727de9d0334b2a79778c81e32cc861e15b3c70dd7a9e33f95025617ca559438963645f949248c16c71b7a1ce7dbafd2a4f2a01387f2871918208e47d781dff3f7a89279ede510013dc465ce661b158e7bede83a638f4ab324b1add8e251e6aee5791fa38e00c0c03e99ce68023530a83b0794ad97dc72f92327ef1ebd3a76a292282736e249e68436edcc9c703e873cd14c465bea005cb2b18f078236824e063a0e3fa55885d30185b2b439c328520b6474f9719c67bfa74aaf61612df91f658d4c8982e140039271c924fe66bb0d1fc2d6e90adc5e133cb9f95371da3a71d067a0ff003cd0ec87a999676d752c2d13413b16230047b638d7006de7391c7dde7d8fa6ac7a05bc51eebb65724e43b2fdcf603d2b4aff0057b1d3e25372de54683e5e3047b01d7fcf15e79acf8c2e3546165a6c4c8923e0007e7233eb9c0e6a2e51d66afade9da3423761c2a9023898824f6381c01f8d72b7575ae78820495635834f73b8462400b03ea7afe9deb33ecb1c73bfda198cc9f2c84481830233cf518e314b05a2dd48904684c51e5a38a2424120e7919e9d7fc29a5dc4d9abbcc30bb4706f99982aa245908471d7a13d393c55c1a579f6f14fa9cf244d9cfcaea02fb13ce7d3353d858dc369c96f761228f66364716d20f7cf38fd2accb15bdadb949aee77f2c7cae48dcb8e73c0c1e9d483546660dd5a086fa5649e4962118586289cbae4e72482d83fceafe971b5dca42b191c47c8698a0ea7391c83d4751daa5b7d725963793ec170d00cec6d8bbb8ef8e393d7355a49daeeeda663710162bfba43b59539e720f7271e9c54b2932ddc46da6c02477819586de5c8dac7a91c62ab5f2c9308fec8f2c768eb931870c0e79c8c83ff00eaf4aaa6c6d639ccde74f73201cb5c4ac769ec724f5e3a7a568583472b4cfbcec04830c67e5ce060e4f3c7f8d0da45462e4f42b24537d99904442b1c3b976249ee3af7f4a4f3afb6ed8dd5212f808800cf3cff000f3ffd7a6c9e20b336d71690d94df6804821395273c12dd3071de9eac18c8562778b6290d32918e3a1c01f8ff3a3715ac3e392eadd9f7b3329e23da54328ed9e31f80e31538b72bb6e44aafc6d579b1900f1c73d474aae5a48a391079288492a50825189ed9fc78a88dc1b3520bac8e7872ebc4871d4edfc3fc0d3d40b12c12348ae9779da320a65777af6cd153db5bc97966b24178b0ab20fdda12188fa1c7f93d68a045eba9869b1ec816181172e413d077381d4d62ea5e34bb58f6dba298b004601cb33679fc38a28a85ab2dec60666ba95a7ba90cf3b67e4651b473db0734abf2c200b781a52df3b247b339cfb1cf3ee3a7514515a5b427a9389e781a3616a2450e038539c0cfbe3deaec9aa79d3431dbab4171e605f31d08001e3db3c9f5a28a948a9bb97ade29e2d424125f978136b333c7c0cf1ed9e7f2ef56a7b8fb2dd6c702ecb9e3673b41183c75e99f6a28a6c94ae56665c4c0b2f9b190db430210f519f6c63d4fb1a856e1af7a49b10646c4c2afd7d79c1ec28a2905b41608cc8c5576b29e01c12c718efce07d31d45304c2192e76b8400ed215bb6074c9ec3d33e94514d82234923485160dca83860b8dac3a8073c9e467f1fce796f248ee268d02970792491b811efeb45142195f735c4820476f97e6c9202e3d3e6c52046b52d2cd097e84797ca9f6cf4c76cff00851450d889a39aee0b2106c68667c3194b6f5419e833c743d3bd1451480fffd9, 'Online'),
(17, 'Moheeb Aljlal', 712536483, 'moheeb', 'moheeb', 0xffd8ffe000104a46494600010200000100010000ffdb004300080606070605080707070909080a0c140d0c0b0b0c1912130f141d1a1f1e1d1a1c1c20242e2720222c231c1c2837292c30313434341f27393d38323c2e333432ffdb0043010909090c0b0c180d0d1832211c213232323232323232323232323232323232323232323232323232323232323232323232323232323232323232323232323232ffc00011080088008803012200021101031101ffc4001f0000010501010101010100000000000000000102030405060708090a0bffc400b5100002010303020403050504040000017d01020300041105122131410613516107227114328191a1082342b1c11552d1f02433627282090a161718191a25262728292a3435363738393a434445464748494a535455565758595a636465666768696a737475767778797a838485868788898a92939495969798999aa2a3a4a5a6a7a8a9aab2b3b4b5b6b7b8b9bac2c3c4c5c6c7c8c9cad2d3d4d5d6d7d8d9dae1e2e3e4e5e6e7e8e9eaf1f2f3f4f5f6f7f8f9faffc4001f0100030101010101010101010000000000000102030405060708090a0bffc400b51100020102040403040705040400010277000102031104052131061241510761711322328108144291a1b1c109233352f0156272d10a162434e125f11718191a262728292a35363738393a434445464748494a535455565758595a636465666768696a737475767778797a82838485868788898a92939495969798999aa2a3a4a5a6a7a8a9aab2b3b4b5b6b7b8b9bac2c3c4c5c6c7c8c9cad2d3d4d5d6d7d8d9dae2e3e4e5e6e7e8e9eaf2f3f4f5f6f7f8f9faffda000c03010002110311003f00e1250cb13c852429904be0e39ce39f7c1fc8d554479a48d6253b5d88500e69d733c8c8aa2572a30319e31d7a7e3fcea3b2b89e19d248be6f2dc4a010080c3be0f1daaf4311db5224064524676838c723ad3659bca0aa0f23be6b45e317b732ddca4833bb49b31c0dc73fccd44d6d1c2c5fcadd09e3af3ef9a9e657192c46092dbce2cd1b107bf7a90488c1195724b60647f9f5aa76e158fceea8a33b46781f9f6c9ad1b2b48e091e5224751f2f4c60ff00f5f9a2f6d45625b442a424710dc3aeeef5a56d1792d994866ec074ace90f961b6920c7c361b701efed53866dab26f2c08c9cfd7b55a6d90ce8adb5058240ed0c6f820a039e3fc735b96bad4e12e52cede2486570c50479d9c9c0cfe55c7db24d38ca2339f45e715d3e83a56ad7e4adac04ab28cb1f94019f5fa8fd2b6495b5235be87ade8f91a5c0ad2991954039032bfec9c7a74abf5cc7859ecec15b4d8a79279f2cecdb78500e00e322ba7ae792b33aa2ee828a28a9282a0bab986da12d34eb086e0331c7353d63f892349f4c1091996470b1738c37ff00ab34d6e26ec8e6752d4f58b62c0ddfee4e57736006e3b64668aabade9b78258229cb4f3a4593e5216c28e9f5ff003c515b2b1ceef73c0c468c84bb6703803ad5816cd0c4521725db3f28e707fad0b188414330552bf776f5fc68323dacacc9fbcdabb71e9f8573365869e9710297da36b0da7e6e4718cfff005aae25c452a94981daa4820f19f5fe954dd8dc4a58b1557f9801c06f73e948d90aebb32bd579ea0f152f5632391f170cb1004638cf001ad5b7f12de596957565b5019f692db41208ee38e0d61826076c8dc768da73d2a4dd3ca0158d49638e4d6a8695f444f69727ed264959983fde05b93f8fae2b6219619646777654046d50a39f6e31f9d621b5b85519751cf181d2a488cb11c3e0fa30abb953a328abb3d8bc136fa559341ac4bab436e8ac63304a70ca7a0e73ce7e9d335ea56577697b6e26b3963922248dc9d323ad7cbf6be6ccdb632ccfb72a02e7183fad6f58f8a3c45e1ef2e28a578e312093cb9232039f7e991472f375084656ba5a1f4243696f6ec5a1851090012a31fe7ffad45d5d4767034d2e768f419af361e3cd423937de62376847cb1a9c23e073824e47d6b1b5bf1a6a1a940122b931803e6528a416f6effcea52bb0724b43d76c752b7d4232d0b723ef29ea0d589658e089a495c222f563dabe7e5bfd7e011cf1cd771b37dc644db9fa605757ff095eaa9e170351ba82e0ca42ec92165931f51c1c7d2a9d3b751caf15a9eae8eb222ba105586411deb8cd4b57b9b3d56ea18e798dc46fba1848dde667a8000f4ae42c3e21dd69d6ef6902abc5f3797bfac79ce31f9fe9599078861bad504baadc3c91b10d2b20cb63d0122928b466e699d6ddf8e756b56921b8b5891df0bbb18db9edf51e94562f8ab56d1a4b4b64d3ed4471ec2fb9873927ae738ce0514ae9ec2d56ecf26fb1396dd21c2a8dc18f43f853ff7715c79648f2c8ce08c62aa2decc43a3f3dc718ab674f923b880c9f32ba13cf427d3dab269f52f918b20821b752ac0b93d4f2326a759217b66dc7e7c704564dddabc52b0dcce738fa51179cb6ee8aaf9661c94ce07b1a146fd42d736ad23479d0cab13641009e307b67f1fe74ebcb1b8b3b9b49b508e48e098ef5902f0cb9ea315d24775a2c566e7ecb1978103467243bf206490783ea3b8cfaf1d1e977c9addadb4d343be38c927cf60e4119e1781c739e9dead45346f0a326ae6632d90b31b6580c091e114db2b1df8e1b24e4d725a95a5c5dde3fd9616b82571ba38700b01ce00f4aeb35db1b0f260b8b586fe18fce5b69d62557048030796182738f427b8e95792c9adedcc904663f237491425f3b4edef8ef8e0d285371d59bd4b55f74e5343b2d5349945c4d66f1a152a44830720161fc8d6d5a5ec3acdfc76de444ad2c8be648f314d98f63f8f1dea9deeb13df685f6fb391e2b8b4983b461b21b0431cfa8eff009d66df4ecf6da75edb4c91b5cdd12d0c4b80aca060f3db12118e955c89cae0a2e106974fd4f45bdd3ec359bcc2ea76b67190432b306627d7ad72faee99a7e8b32b477f15ca9908311e0ecc7decff004acaf1b486092d1e32413130383d8118fe66b8f5ba121cb13b875e6b44ae724a9f233d18ead0956864b71e69f91836fce3dbb0e951de9975086248a3b99225059485dca33dbf41eb54a0d505f688ad248be6c36722174401b2a085c9ef90473ed5ccda6a32d8ceb2432bab061c29c67eb50a9f99b57da37eaae6e5ce8d781c0b64b83b86486848c1c9e3df8c73efed54e3b4b9859fcf8a73b72090a400ddb3c57a4c51de4a43085769190db1b18a952da453b8db1c9e4e223c9fc454f3b3274a3d0e3acad535180457b1dc471e7e568d7730fafad15dc79d2b0c18a5503b2c605159de5d07c913969c453dbbc4241865c70bd2b3fececb09836f9a02802461ce2b78df8f97162c5f1c955033f8d42eb7237dc2dae3073b41cf1e9d39a97646dccf730469f233463611bd588caf523fcfe94f8f467795550b1e396ed935ab35cb4af95658d71ebf77d4fad58333b441e2ba3f37cad951cfe151ce87ced9c6ea5a6cb6d6cd7258347bb60e79c91cd5bf01ea9e46ad2e9b29216e14bc59ece0723f11fcab475153776173179825951430441c120e73fcff003ae195eeecef61bc8801240e1d403e86b7a72ba3686b13bff1b24b6fa6492459114e54bfb3af43f883ff008e8adab1ba32e8a2ee43f33ab487f1c9a86e2e2d3c49a0470a90bf6d88f96491f2c80671ebc1fe558d0dc489a236647410e9f2b7979c65864723d88ad6f7561a8d9b672fe1cb8db31818e52653b81ee7ff00d59aa776278248ac90167b7bada99ea7246dfcc62a2d355a29609253fbb0c0b614b617b9c7d2bac7b257d416ecae5a25f99bd5870adf91ce7da8b97c89a69f55ff0007f429f8d660755b5b7248ff0046dd8c762c7fc2b885dc246aecef34b9b51bbd42e63b8b68d2c2358bcb964f99b6a6e6c7d093cd60e87a5c5aeddbc525ec16601cabcc4e5f2785503a9fcbeb4d3b1cb5d276b1634b9d8695a8aaa93b630c71d81201acf8f9559739dccca07d307fad6d3697aae871ddc2d62d3fda2331864cb2e3d7e5e7f0354b49d2e7bdd4a2b3cf96f23618b8c7963b93f4a6a49ec456bb514fa2b7e2cf60d0a5175a0d8482d5599a14049df9240c66b596c249146eb2b7e79399083fceab4316970c31411c9b1615014239e83dc54d1fd8e30424efcf3b59ff00c4573340916069edc83656ec31da427f99a2aa46d6928623ce7038254e47f2a29584411186338d8549e98e295cb3020076cf51bba7e54e933e66154647bd34f719c54dcdac8a2fa3dadc317955d7b921c9cfe62abcba169dc32cd3c647f7791fcab6201f39e73914f9146d390a48e738a41a1cb1d2b4fb452dfda5b3e6dc5a63b49fe55c35dcf6d3ea12796e16dd9f6f9db7b776c7a77f5abfe39778b572aa36a346a78ec3a63f306b99898984f6e48ada9c56e54a5eca3789ead6ba7695a668eb16977f25f34a04bf280ca08fe21d97a7427b556d4238af6d6430ef58ee617528a48daecc0f23ebb89fc7e95c0689ad5fe992bc56c4f912b8dc338c374ce6b79afafa094cf3344b03901832e467d49c13d8671d7da9f334da3484d4a29878c24d16c22b33a6da182ed64db2a798482a0649e4f0791f9f7a6e93792ea5048d12a261943aef24e064ff0053dbf9560f88dd27d572674b866894bcb19cab1393c63d88ac9b5d56f7466b85b5601e6500311923dc7bf26a9474bbdccbdb353b37a1bb73e2496e639ed63844058ba3c8adcf3d71f5ac1deb0e22ce703ad578d8ac4646625cf2493d49abda35acd7370f2900c38c3e7bd3d20b43193752576598b5ad450203742409f74b9f987e35abe1fbc797c431cf70e5a5941191c0ce3daa95e691b6d6592dd489106e0a3b8efc7d2b26deeee124531ab09320214241cf6c511516b426529a69367b7c518f2b7f39c67ad46a4172cce718f5ae43c3d7f76e811ef1e58ca6465c9cfbf35d2c13a86e5957a726b2942ccd633bab9bb6b6f2cf16f8e40141c6df336e68a8ad2e2478418833a13d429a28512252d4625ea48db994a631df348afe63311d3d6acc9a239426070d93d0d527b3b883efa32907b52b27b0d4e4b7260e40c83cfad395da40325bae383557ce75e1b0c3dc548973b50008082726938b1aa8ba9c378f9e387514c3a9956df90074e4e3fad730ba3dfcda6adcda40d32004b05e48f703a9aeb7c6fa3c335b3ea16e9335c348be7739013079fcc0abde0ae34a8d5c159031001ee3b1a77718dd1a3b54491e6765a82db168e742518e723aa9ae87fb4a2bcb5481a74719c8e4027ea29fe27d0965d46ee44da92f9adcf66e7bd7266d1a1948665247f74e45546d3d519394a9e9d0bda98823ba1e5603e3e70bd3ff00d759b34c5c8da08753907d2aca5bc920cf45fe74cfb318ede5210b4a0f4f41eb5a455b4316eeee58d3f45bad4230ebb63881c6e6eff4aeab4cd2e2d3edcc7e6ef2c77127d6b3f4399dec44650855e149e95b11ac92636293e98a9945b7ab358d4495921ef2470ab3007804e7d2b8fd163f3355b5e33b5c3fe5cff4aeb75389adb4bb8b86401563c1ddd093c7e3c9ed5cff0085ada49b54c828a163272dd0f41d69c5249912936d5ce9b4bb44b1f31be566624e48e00273815751e648cba44c63ce09c6066a58eca674c0688024138247f315696c887daf8c31fe0c7f85272ec3e5ee2e9bab5d5be238e42a99271b73cd157a3b48e3e445c91c96a2a395b0b9bb6daba489978e48c838385273f955c8eea29583091194f1c906b0d9560258246a3a633d7f0a8a5bf85e20af19f97a14f9707f0a8e52ae749269f6570bca053edc5674da3c407ee663d7818cf359d6bab856c79d26391895770fcc73fa55f875781240586491d636c8fe87f4a2ed0593294da65d464868b70ee473502446324ec287d4f06ba45bc8e6e43704746183fad0c9038c346a7273eb4f9fb8b94f15f14b5ca6a77795dca5f21f272b5876b6b25e39db8555fbdeb5eafab6836925e335c060b2e7ee9ddfa715ce45e0d96def3ccb1d46329bb38914e71e847ffaab58cd588717733adb477680308c851c0ab70e9b1a64c919f42c463afa574cf60ea80ee73db39ce6a11a7f9870194fb13cd436d94ac8a9059d921223518edb873f955cd9180446a39e480b8ab5169ac1784ce3b9e9567ec4d1800a64faf4c50061ded9adec2d04e0b46dd50b5621f0ccd68e24d36e8c447f0b8ce3f1aec9a0604964e33c6291615c12df291edc55276d897aee6769ab76205178f134a3ab28c55f50158b26338e9e953bc6366155f04719c5104320cbc685874ed400c491bcbe5baf73da8a96574033e58071d081d68a00b975f679f0496c8e98159cf0c6efb0283c75cd2b3b2b01920608e4f5a6f19dd267927a0e2a0b2129220d80291f4e94f081f2195738e3039a7c61646624b63a8ce79fc2a52a548254018cf2724d02b91c6d7006d4732807ee49c8e3a55db6bc9157988c58eff7a3cfd0f23f0a862c901b279e33d87d714334889c7cc0e79c74a561dcb1f6f49d5d5a12593bc4c1bf2cf22a02d633caa880248a4e37705b8ed9aad264c990adbfb15c502f2e50fef22f378c0dc391f4a397b05cd27815d406ce0f1cd46b60a8c1d7008f6a85350b39e3c05921947f0e7835ad6b1fda20df1cb1ca012382052d5068caaa8d9c38e01ce14e334d6b9815b6b3b2b75c32d586740fb49da7d1b8a6b431c982547078e323e9429770b15d9e02f9ce40e785a7c33ac99c401f07ef0c63e9435bec60130013f78548a9b4168d973dd4f19fc6a9490acc9d029c8684edf43d291e08029fdd84cfa122a113bae37ef0b8cfafe668995a500824679e47029815ae84422f910301ce568a77d9e409b770c1e4e475a29dc45360f2a60e037b9e6a38e19b907183d4e738a28a918e3198e42a18fd76d488830c77630718dd927f0a28a0042fb19b6123b7233f8f3532e18630d81d739f4a28a0058d037ccbc67b834c68e352e2460493c3138e4514500576b686550d183bb3d3da987fd1a5e0ba374caf714514c4457525c4b1a6f6c8c83b88c11fe79abf6178f202adc08c7573c91fcff5f4a28a4d21a668ef0ebb97638ce0853ca8feb4c5963932aa4938ce31838f5c514566f42810847ca3638fca9c2631396fbf9ec7f1a28a2ec2c396f118e190a13df19a28a29f330b1fffd9, 'Online');

-- --------------------------------------------------------

--
-- Table structure for table `person_chatting_relation`
--

CREATE TABLE `person_chatting_relation` (
  `person_id` int(11) UNSIGNED NOT NULL,
  `people_id` int(11) UNSIGNED NOT NULL
) ENGINE=InnoDB DEFAULT CHARSET=utf8mb4;

--
-- Dumping data for table `person_chatting_relation`
--

INSERT INTO `person_chatting_relation` (`person_id`, `people_id`) VALUES
(15, 16),
(15, 17),
(16, 15),
(17, 15);

-- --------------------------------------------------------

--
-- Table structure for table `sending_receiving_time`
--

CREATE TABLE `sending_receiving_time` (
  `time_id` int(250) UNSIGNED NOT NULL,
  `sending_date` date NOT NULL,
  `receiving_date` date NOT NULL,
  `file_message_id` int(11) UNSIGNED NOT NULL,
  `word_message_id` int(11) UNSIGNED NOT NULL
) ENGINE=InnoDB DEFAULT CHARSET=utf8mb4;

--
-- Indexes for dumped tables
--

--
-- Indexes for table `file_message`
--
ALTER TABLE `file_message`
  ADD PRIMARY KEY (`message_id`),
  ADD KEY `receiver_id_index` (`receiver_id`),
  ADD KEY `sender_id_index` (`sender_id`);

--
-- Indexes for table `messages`
--
ALTER TABLE `messages`
  ADD PRIMARY KEY (`message_id`),
  ADD KEY `sender_id` (`sender_id`),
  ADD KEY `reciver_id` (`reciver_id`);

--
-- Indexes for table `person`
--
ALTER TABLE `person`
  ADD PRIMARY KEY (`person_id`),
  ADD UNIQUE KEY `phone_number` (`phone_number`);

--
-- Indexes for table `person_chatting_relation`
--
ALTER TABLE `person_chatting_relation`
  ADD PRIMARY KEY (`person_id`,`people_id`),
  ADD KEY `person_id_index` (`person_id`),
  ADD KEY `people_id_index` (`people_id`);

--
-- Indexes for table `sending_receiving_time`
--
ALTER TABLE `sending_receiving_time`
  ADD PRIMARY KEY (`time_id`),
  ADD KEY `file_message_id_index` (`file_message_id`),
  ADD KEY `word_message_id_index` (`word_message_id`);

--
-- AUTO_INCREMENT for dumped tables
--

--
-- AUTO_INCREMENT for table `file_message`
--
ALTER TABLE `file_message`
  MODIFY `message_id` int(250) UNSIGNED NOT NULL AUTO_INCREMENT;

--
-- AUTO_INCREMENT for table `messages`
--
ALTER TABLE `messages`
  MODIFY `message_id` int(10) UNSIGNED NOT NULL AUTO_INCREMENT, AUTO_INCREMENT=119;

--
-- AUTO_INCREMENT for table `person`
--
ALTER TABLE `person`
  MODIFY `person_id` int(10) UNSIGNED NOT NULL AUTO_INCREMENT, AUTO_INCREMENT=18;

--
-- AUTO_INCREMENT for table `sending_receiving_time`
--
ALTER TABLE `sending_receiving_time`
  MODIFY `time_id` int(250) UNSIGNED NOT NULL AUTO_INCREMENT;

--
-- Constraints for dumped tables
--

--
-- Constraints for table `file_message`
--
ALTER TABLE `file_message`
  ADD CONSTRAINT `file_message_ibfk_1` FOREIGN KEY (`sender_id`) REFERENCES `person` (`person_id`) ON DELETE CASCADE,
  ADD CONSTRAINT `receiver_id_fk` FOREIGN KEY (`sender_id`) REFERENCES `person` (`person_id`) ON DELETE CASCADE,
  ADD CONSTRAINT `sender_id_fk` FOREIGN KEY (`sender_id`) REFERENCES `person` (`person_id`) ON DELETE CASCADE;

--
-- Constraints for table `messages`
--
ALTER TABLE `messages`
  ADD CONSTRAINT `FK_Message_reciver_id` FOREIGN KEY (`reciver_id`) REFERENCES `person` (`person_id`) ON DELETE CASCADE,
  ADD CONSTRAINT `FK_Message_sender_id` FOREIGN KEY (`sender_id`) REFERENCES `person` (`person_id`) ON DELETE CASCADE;

--
-- Constraints for table `person_chatting_relation`
--
ALTER TABLE `person_chatting_relation`
  ADD CONSTRAINT `pepole_id_fk` FOREIGN KEY (`people_id`) REFERENCES `person` (`person_id`) ON DELETE CASCADE,
  ADD CONSTRAINT `person_id_fk` FOREIGN KEY (`person_id`) REFERENCES `person` (`person_id`) ON DELETE CASCADE;

--
-- Constraints for table `sending_receiving_time`
--
ALTER TABLE `sending_receiving_time`
  ADD CONSTRAINT `file_message_id_fk` FOREIGN KEY (`file_message_id`) REFERENCES `file_message` (`message_id`) ON DELETE CASCADE,
  ADD CONSTRAINT `word_message_id_fk` FOREIGN KEY (`word_message_id`) REFERENCES `messages` (`message_id`) ON DELETE CASCADE;
COMMIT;

/*!40101 SET CHARACTER_SET_CLIENT=@OLD_CHARACTER_SET_CLIENT */;
/*!40101 SET CHARACTER_SET_RESULTS=@OLD_CHARACTER_SET_RESULTS */;
/*!40101 SET COLLATION_CONNECTION=@OLD_COLLATION_CONNECTION */;
